Statement of Account,Savings Account XXXXXX2210
Period,01/04/2026 to 28/09/2026

Date,Narration,Chq./Ref.No.,Value Dt,Withdrawal Amt.,Deposit Amt.,Closing Balance
01/04/2026,"NEFT CR-NORTHWIND SYSTEMS PAYROLL-SALARY APR",0005100001,01/04/2026,,"1,42,000.00","3,27,000.00"
02/04/2026,"UPI/798561915195/SWIGGY/swiggy@icici/Payment",0005100002,02/04/2026,"302.00",,"3,26,698.00"
02/04/2026,"POS 438857XXXXXX2210 BLUE TOKAI COFFEE BENGALURU",0005100003,02/04/2026,"233.00",,"3,26,465.00"
03/04/2026,"IMPS/P2A/542079507344/GREENVIEW APTS/RENT APR",0005100004,03/04/2026,"30,000.00",,"2,96,465.00"
04/04/2026,"POS 438857XXXXXX2210 BLUE TOKAI COFFEE BENGALURU",0005100005,04/04/2026,"319.00",,"2,96,146.00"
04/04/2026,"UPI/907114572103/APOLLO PHARMACY/apollo@okhdfcbank/Payment",0005100006,04/04/2026,"348.00",,"2,95,798.00"
05/04/2026,"UPI/940516527214/UBER/uber@ybl/Payment",0005100007,05/04/2026,"185.00",,"2,95,613.00"
05/04/2026,"TRF TO FD A/C XXXXXX5522 AUTO SWEEP",0005100008,05/04/2026,"10,000.00",,"2,85,613.00"
05/04/2026,"UPI/230598912464/UBER/uber@icici/Payment",0005100009,05/04/2026,"487.00",,"2,85,126.00"
07/04/2026,"ACH D- AIRTEL PAYMENTS BANK-429228204307",0005100010,07/04/2026,"799.00",,"2,84,327.00"
08/04/2026,"UPI/120106157947/SWIGGY/swiggy@paytm/Payment",0005100011,08/04/2026,"670.00",,"2,83,657.00"
08/04/2026,"UPI/235621197384/UBER/uber@okhdfcbank/Payment",0005100012,08/04/2026,"447.00",,"2,83,210.00"
09/04/2026,"POS 438857XXXXXX2210 NETFLIX.COM MUMBAI",0005100013,09/04/2026,"499.00",,"2,82,711.00"
10/04/2026,"POS 438857XXXXXX2210 BLUE TOKAI COFFEE BENGALURU",0005100014,10/04/2026,"248.00",,"2,82,463.00"
11/04/2026,"POS 438857XXXXXX2210 SPOTIFY INDIA",0005100015,11/04/2026,"119.00",,"2,82,344.00"
12/04/2026,"UPI/367175241497/SPLIT REFUND/friend@okaxis/Dinner",0005100016,12/04/2026,,"826.00","2,83,170.00"
12/04/2026,"BIL/ONL/825482840306/BESCOM/ELEC APR",0005100017,12/04/2026,"1,639.00",,"2,81,531.00"
13/04/2026,"UPI/313148664351/ZOMATO/zomato@ybl/Payment",0005100018,13/04/2026,"416.00",,"2,81,115.00"
14/04/2026,"UPI/644508349155/BOOKMYSHOW/bookmyshow@okaxis/Payment",0005100019,14/04/2026,"648.00",,"2,80,467.00"
15/04/2026,"ACH D- ACT FIBERNET-201072525642",0005100020,15/04/2026,"1,059.00",,"2,79,408.00"
16/04/2026,"UPI/389320673834/OLA/olacabs@icici/Payment",0005100021,16/04/2026,"387.00",,"2,79,021.00"
16/04/2026,"ATW-438857XXXXXX2210-S1ANBL07-BENGALURU",0005100022,16/04/2026,"4,000.00",,"2,75,021.00"
16/04/2026,"UPI/386491147054/SWIGGY/swiggy@okhdfcbank/Payment",0005100023,16/04/2026,"568.00",,"2,74,453.00"
16/04/2026,"UPI/382723174697/FLIPKART/flipkart@okhdfcbank/Payment",0005100024,16/04/2026,"2,585.00",,"2,71,868.00"
16/04/2026,"UPI/918763226092/BIGBASKET/bigbasket@icici/Payment",0005100025,16/04/2026,"1,062.00",,"2,70,806.00"
17/04/2026,"UPI/497774153962/OLA/olacabs@icici/Payment",0005100026,17/04/2026,"386.00",,"2,70,420.00"
19/04/2026,"UPI/817215801505/OLA/olacabs@icici/Payment",0005100027,19/04/2026,"217.00",,"2,70,203.00"
20/04/2026,"UPI/467002590084/SWIGGY/swiggy@ybl/Payment",0005100028,20/04/2026,"500.00",,"2,69,703.00"
21/04/2026,"UPI/961710228571/BMRCL NAMMA METRO/bmrcl@ybl/Payment",0005100029,21/04/2026,"500.00",,"2,69,203.00"
24/04/2026,"UPI/341221499894/ZOMATO/zomato@paytm/Payment",0005100030,24/04/2026,"518.00",,"2,68,685.00"
26/04/2026,"UPI/809426757733/SWIGGY/swiggy@okaxis/Payment",0005100031,26/04/2026,"675.00",,"2,68,010.00"
26/04/2026,"UPI/306257417201/OLA/olacabs@okhdfcbank/Payment",0005100032,26/04/2026,"364.00",,"2,67,646.00"
26/04/2026,"UPI/192310141036/UBER/uber@icici/Payment",0005100033,26/04/2026,"441.00",,"2,67,205.00"
27/04/2026,"UPI/715943449413/MYNTRA/myntra@icici/Payment",0005100034,27/04/2026,"2,404.00",,"2,64,801.00"
30/04/2026,"UPI/195151441878/SWIGGY/swiggy@paytm/Payment",0005100035,30/04/2026,"595.00",,"2,64,206.00"
01/05/2026,"UPI/320649488841/BMRCL NAMMA METRO/bmrcl@paytm/Payment",0005100036,01/05/2026,"500.00",,"2,63,706.00"
01/05/2026,"NEFT CR-NORTHWIND SYSTEMS PAYROLL-SALARY MAY",0005100037,01/05/2026,,"1,42,000.00","4,05,706.00"
03/05/2026,"IMPS/P2A/113571437045/GREENVIEW APTS/RENT MAY",0005100038,03/05/2026,"30,000.00",,"3,75,706.00"
04/05/2026,"UPI/422284803026/MYNTRA/myntra@icici/Payment",0005100039,04/05/2026,"1,379.00",,"3,74,327.00"
05/05/2026,"TRF TO FD A/C XXXXXX5522 AUTO SWEEP",0005100040,05/05/2026,"10,000.00",,"3,64,327.00"
07/05/2026,"ACH D- AIRTEL PAYMENTS BANK-876920928562",0005100041,07/05/2026,"799.00",,"3,63,528.00"
08/05/2026,"UPI/836059132151/FLIPKART/flipkart@okhdfcbank/Payment",0005100042,08/05/2026,"2,779.00",,"3,60,749.00"
09/05/2026,"POS 438857XXXXXX2210 NETFLIX.COM MUMBAI",0005100043,09/05/2026,"499.00",,"3,60,250.00"
11/05/2026,"UPI/729731860275/UBER/uber@ybl/Payment",0005100044,11/05/2026,"408.00",,"3,59,842.00"
11/05/2026,"POS 438857XXXXXX2210 SPOTIFY INDIA",0005100045,11/05/2026,"119.00",,"3,59,723.00"
12/05/2026,"UPI/553717285605/SWIGGY/swiggy@paytm/Payment",0005100046,12/05/2026,"717.00",,"3,59,006.00"
12/05/2026,"UPI/978867641441/ZOMATO/zomato@icici/Payment",0005100047,12/05/2026,"697.00",,"3,58,309.00"
12/05/2026,"BIL/ONL/744470134477/BESCOM/ELEC MAY",0005100048,12/05/2026,"2,575.00",,"3,55,734.00"
13/05/2026,"UPI/644945367695/MYNTRA/myntra@paytm/Payment",0005100049,13/05/2026,"2,427.00",,"3,53,307.00"
13/05/2026,"UPI/436107474527/SWIGGY/swiggy@icici/Payment",0005100050,13/05/2026,"537.00",,"3,52,770.00"
14/05/2026,"UPI/721224781085/ZOMATO/zomato@paytm/Payment",0005100051,14/05/2026,"660.00",,"3,52,110.00"
15/05/2026,"ACH D- ACT FIBERNET-863401766456",0005100052,15/05/2026,"1,059.00",,"3,51,051.00"
17/05/2026,"UPI/500934469250/BMRCL NAMMA METRO/bmrcl@icici/Payment",0005100053,17/05/2026,"500.00",,"3,50,551.00"
17/05/2026,"POS 438857XXXXXX2210 BLUE TOKAI COFFEE BENGALURU",0005100054,17/05/2026,"405.00",,"3,50,146.00"
18/05/2026,"UPI/714697504983/APOLLO PHARMACY/apollo@ybl/Payment",0005100055,18/05/2026,"973.00",,"3,49,173.00"
20/05/2026,"POS 438857XXXXXX2210 BLUE TOKAI COFFEE BENGALURU",0005100056,20/05/2026,"420.00",,"3,48,753.00"
21/05/2026,"UPI/285740576170/BOOKMYSHOW/bookmyshow@okaxis/Payment",0005100057,21/05/2026,"659.00",,"3,48,094.00"
21/05/2026,"UPI/506389965011/UBER/uber@okhdfcbank/Payment",0005100058,21/05/2026,"500.00",,"3,47,594.00"
21/05/2026,"UPI/260522992342/SWIGGY/swiggy@paytm/Payment",0005100059,21/05/2026,"425.00",,"3,47,169.00"
22/05/2026,"UPI/693441266867/BIGBASKET/bigbasket@okhdfcbank/Payment",0005100060,22/05/2026,"1,717.00",,"3,45,452.00"
23/05/2026,"UPI/937774597891/SPLIT REFUND/friend@okaxis/Dinner",0005100061,23/05/2026,,"1,820.00","3,47,272.00"
24/05/2026,"UPI/229194765339/SWIGGY/swiggy@paytm/Payment",0005100062,24/05/2026,"477.00",,"3,46,795.00"
26/05/2026,"UPI/362610664874/UBER/uber@okaxis/Payment",0005100063,26/05/2026,"469.00",,"3,46,326.00"
26/05/2026,"UPI/352499361028/OLA/olacabs@okaxis/Payment",0005100064,26/05/2026,"419.00",,"3,45,907.00"
27/05/2026,"UPI/573148749869/OLA/olacabs@icici/Payment",0005100065,27/05/2026,"268.00",,"3,45,639.00"
27/05/2026,"UPI/753639930214/UBER/uber@paytm/Payment",0005100066,27/05/2026,"360.00",,"3,45,279.00"
28/05/2026,"UPI/764718971861/MYNTRA/myntra@okaxis/Payment",0005100067,28/05/2026,"1,983.00",,"3,43,296.00"
29/05/2026,"UPI/904953466529/ZOMATO/zomato@icici/Payment",0005100068,29/05/2026,"364.00",,"3,42,932.00"
29/05/2026,"UPI/185561395695/BIGBASKET/bigbasket@icici/Payment",0005100069,29/05/2026,"1,211.00",,"3,41,721.00"
29/05/2026,"UPI/825086902688/ZOMATO/zomato@paytm/Payment",0005100070,29/05/2026,"621.00",,"3,41,100.00"
29/05/2026,"UPI/971353976056/ZOMATO/zomato@ybl/Payment",0005100071,29/05/2026,"793.00",,"3,40,307.00"
30/05/2026,"ATW-438857XXXXXX2210-S1ANBL07-BENGALURU",0005100072,30/05/2026,"4,000.00",,"3,36,307.00"
30/05/2026,"UPI/145881736945/OLA/olacabs@ybl/Payment",0005100073,30/05/2026,"240.00",,"3,36,067.00"
31/05/2026,"UPI/562033155014/ZOMATO/zomato@okhdfcbank/Payment",0005100074,31/05/2026,"361.00",,"3,35,706.00"
01/06/2026,"UPI/863347766514/ZOMATO/zomato@okaxis/Payment",0005100075,01/06/2026,"781.00",,"3,34,925.00"
01/06/2026,"NEFT CR-NORTHWIND SYSTEMS PAYROLL-SALARY JUN",0005100076,01/06/2026,,"1,42,000.00","4,76,925.00"
02/06/2026,"UPI/981507692183/BIGBASKET/bigbasket@okaxis/Payment",0005100077,02/06/2026,"1,378.00",,"4,75,547.00"
02/06/2026,"UPI/813584191807/BMRCL NAMMA METRO/bmrcl@paytm/Payment",0005100078,02/06/2026,"500.00",,"4,75,047.00"
03/06/2026,"UPI/253299158446/BIGBASKET/bigbasket@icici/Payment",0005100079,03/06/2026,"1,009.00",,"4,74,038.00"
03/06/2026,"IMPS/P2A/225908340535/GREENVIEW APTS/RENT JUN",0005100080,03/06/2026,"30,000.00",,"4,44,038.00"
04/06/2026,"UPI/301788907981/UBER/uber@okhdfcbank/Payment",0005100081,04/06/2026,"312.00",,"4,43,726.00"
05/06/2026,"POS 438857XXXXXX2210 BLUE TOKAI COFFEE BENGALURU",0005100082,05/06/2026,"451.00",,"4,43,275.00"
05/06/2026,"TRF TO FD A/C XXXXXX5522 AUTO SWEEP",0005100083,05/06/2026,"10,000.00",,"4,33,275.00"
06/06/2026,"UPI/903586602551/FLIPKART/flipkart@okaxis/Payment",0005100084,06/06/2026,"2,260.00",,"4,31,015.00"
07/06/2026,"ACH D- AIRTEL PAYMENTS BANK-979560323482",0005100085,07/06/2026,"799.00",,"4,30,216.00"
09/06/2026,"POS 438857XXXXXX2210 NETFLIX.COM MUMBAI",0005100086,09/06/2026,"499.00",,"4,29,717.00"
11/06/2026,"UPI/562294697071/OLA/olacabs@ybl/Payment",0005100087,11/06/2026,"446.00",,"4,29,271.00"
11/06/2026,"POS 438857XXXXXX2210 SPOTIFY INDIA",0005100088,11/06/2026,"119.00",,"4,29,152.00"
12/06/2026,"UPI/863285733968/UBER/uber@okhdfcbank/Payment",0005100089,12/06/2026,"288.00",,"4,28,864.00"
12/06/2026,"UPI/629276771477/FLIPKART/flipkart@okaxis/Payment",0005100090,12/06/2026,"1,371.00",,"4,27,493.00"
12/06/2026,"BIL/ONL/920063898364/BESCOM/ELEC JUN",0005100091,12/06/2026,"2,377.00",,"4,25,116.00"
13/06/2026,"UPI/843107416245/ZOMATO/zomato@ybl/Payment",0005100092,13/06/2026,"687.00",,"4,24,429.00"
14/06/2026,"POS 438857XXXXXX2210 AMAZON PAY INDIA",0005100093,14/06/2026,"844.00",,"4,23,585.00"
15/06/2026,"UPI/656693508053/SWIGGY/swiggy@icici/Payment",0005100094,15/06/2026,"410.00",,"4,23,175.00"
15/06/2026,"ACH D- ACT FIBERNET-837106389135",0005100095,15/06/2026,"1,059.00",,"4,22,116.00"
16/06/2026,"UPI/880275111152/UBER/uber@okhdfcbank/Payment",0005100096,16/06/2026,"220.00",,"4,21,896.00"
17/06/2026,"UPI/728348470806/BMRCL NAMMA METRO/bmrcl@okaxis/Payment",0005100097,17/06/2026,"500.00",,"4,21,396.00"
18/06/2026,"UPI/309248435061/ZOMATO/zomato@okaxis/Payment",0005100098,18/06/2026,"331.00",,"4,21,065.00"
18/06/2026,"POS 438857XXXXXX2210 AMAZON PAY INDIA LAPTOP",0005100099,18/06/2026,"41,999.00",,"3,79,066.00"
19/06/2026,"UPI/484410975763/ZOMATO/zomato@icici/Payment",0005100100,19/06/2026,"346.00",,"3,78,720.00"
21/06/2026,"ATW-438857XXXXXX2210-S1ANBL07-BENGALURU",0005100101,21/06/2026,"2,000.00",,"3,76,720.00"
22/06/2026,"UPI/777281315338/SWIGGY/swiggy@okaxis/Payment",0005100102,22/06/2026,"736.00",,"3,75,984.00"
23/06/2026,"UPI/283808786445/BOOKMYSHOW/bookmyshow@okhdfcbank/Payment",0005100103,23/06/2026,"630.00",,"3,75,354.00"
25/06/2026,"UPI/248775149574/BMRCL NAMMA METRO/bmrcl@paytm/Payment",0005100104,25/06/2026,"500.00",,"3,74,854.00"
26/06/2026,"UPI/377674470697/APOLLO PHARMACY/apollo@ybl/Payment",0005100105,26/06/2026,"320.00",,"3,74,534.00"
27/06/2026,"UPI/139491352848/BIGBASKET/bigbasket@okhdfcbank/Payment",0005100106,27/06/2026,"1,583.00",,"3,72,951.00"
28/06/2026,"UPI/999555371340/BIGBASKET/bigbasket@okaxis/Payment",0005100107,28/06/2026,"1,213.00",,"3,71,738.00"
29/06/2026,"UPI/970633928072/ZOMATO/zomato@ybl/Payment",0005100108,29/06/2026,"745.00",,"3,70,993.00"
30/06/2026,"UPI/335889805810/BMRCL NAMMA METRO/bmrcl@okaxis/Payment",0005100109,30/06/2026,"500.00",,"3,70,493.00"
01/07/2026,"UPI/273408811254/SWIGGY/swiggy@ybl/Payment",0005100110,01/07/2026,"465.00",,"3,70,028.00"
01/07/2026,"UPI/731896569430/OLA/olacabs@icici/Payment",0005100111,01/07/2026,"373.00",,"3,69,655.00"
01/07/2026,"NEFT CR-NORTHWIND SYSTEMS PAYROLL-SALARY JUL",0005100112,01/07/2026,,"1,42,000.00","5,11,655.00"
02/07/2026,"UPI/767910168126/SWIGGY/swiggy@icici/Payment",0005100113,02/07/2026,"595.00",,"5,11,060.00"
03/07/2026,"UPI/230031182869/MYNTRA/myntra@ybl/Payment",0005100114,03/07/2026,"2,289.00",,"5,08,771.00"
03/07/2026,"IMPS/P2A/786713187795/GREENVIEW APTS/RENT JUL",0005100115,03/07/2026,"30,000.00",,"4,78,771.00"
05/07/2026,"UPI/167794446743/ZOMATO/zomato@icici/Payment",0005100116,05/07/2026,"214.00",,"4,78,557.00"
05/07/2026,"TRF TO FD A/C XXXXXX5522 AUTO SWEEP",0005100117,05/07/2026,"10,000.00",,"4,68,557.00"
06/07/2026,"UPI/213295440629/BIGBASKET/bigbasket@icici/Payment",0005100118,06/07/2026,"1,454.00",,"4,67,103.00"
07/07/2026,"UPI/778523984762/SWIGGY/swiggy@ybl/Payment",0005100119,07/07/2026,"399.00",,"4,66,704.00"
07/07/2026,"ACH D- AIRTEL PAYMENTS BANK-117901988160",0005100120,07/07/2026,"799.00",,"4,65,905.00"
08/07/2026,"UPI/312084641658/OLA/olacabs@paytm/Payment",0005100121,08/07/2026,"447.00",,"4,65,458.00"
09/07/2026,"POS 438857XXXXXX2210 NETFLIX.COM MUMBAI",0005100122,09/07/2026,"499.00",,"4,64,959.00"
09/07/2026,"UPI/456477527031/FLIPKART/flipkart@okaxis/Payment",0005100123,09/07/2026,"563.00",,"4,64,396.00"
10/07/2026,"UPI/984325893478/ZOMATO/zomato@okaxis/Payment",0005100124,10/07/2026,"558.00",,"4,63,838.00"
11/07/2026,"POS 438857XXXXXX2210 SPOTIFY INDIA",0005100125,11/07/2026,"119.00",,"4,63,719.00"
12/07/2026,"BIL/ONL/409367824760/BESCOM/ELEC JUL",0005100126,12/07/2026,"2,681.00",,"4,61,038.00"
12/07/2026,"UPI/294288949449/APOLLO PHARMACY/apollo@okhdfcbank/Payment",0005100127,12/07/2026,"1,192.00",,"4,59,846.00"
13/07/2026,"UPI/695973400557/UBER/uber@icici/Payment",0005100128,13/07/2026,"446.00",,"4,59,400.00"
13/07/2026,"UPI/521525296131/UBER/uber@ybl/Payment",0005100129,13/07/2026,"213.00",,"4,59,187.00"
13/07/2026,"UPI/607378696119/SWIGGY/swiggy@okaxis/Payment",0005100130,13/07/2026,"406.00",,"4,58,781.00"
15/07/2026,"UPI/444822233764/ZOMATO/zomato@icici/Payment",0005100131,15/07/2026,"256.00",,"4,58,525.00"
15/07/2026,"UPI/163011749834/UBER/uber@icici/Payment",0005100132,15/07/2026,"222.00",,"4,58,303.00"
15/07/2026,"ACH D- ACT FIBERNET-843321564800",0005100133,15/07/2026,"1,059.00",,"4,57,244.00"
16/07/2026,"UPI/856041120986/UBER/uber@okaxis/Payment",0005100134,16/07/2026,"542.00",,"4,56,702.00"
19/07/2026,"UPI/160333546616/BOOKMYSHOW/bookmyshow@ybl/Payment",0005100135,19/07/2026,"1,302.00",,"4,55,400.00"
20/07/2026,"POS 438857XXXXXX2210 BLUE TOKAI COFFEE BENGALURU",0005100136,20/07/2026,"301.00",,"4,55,099.00"
20/07/2026,"ATW-438857XXXXXX2210-S1ANBL07-BENGALURU",0005100137,20/07/2026,"4,000.00",,"4,51,099.00"
21/07/2026,"UPI/608233465167/ZOMATO/zomato@okaxis/Payment",0005100138,21/07/2026,"363.00",,"4,50,736.00"
25/07/2026,"UPI/810979561549/SWIGGY/swiggy@ybl/Payment",0005100139,25/07/2026,"513.00",,"4,50,223.00"
25/07/2026,"UPI/810755368841/SWIGGY/swiggy@icici/Payment",0005100140,25/07/2026,"302.00",,"4,49,921.00"
26/07/2026,"UPI/397041771689/OLA/olacabs@paytm/Payment",0005100141,26/07/2026,"456.00",,"4,49,465.00"
26/07/2026,"UPI/286773257524/SWIGGY/swiggy@okaxis/Payment",0005100142,26/07/2026,"394.00",,"4,49,071.00"
26/07/2026,"UPI/635640853940/BMRCL NAMMA METRO/bmrcl@paytm/Payment",0005100143,26/07/2026,"500.00",,"4,48,571.00"
27/07/2026,"POS 438857XXXXXX2210 BLUE TOKAI COFFEE BENGALURU",0005100144,27/07/2026,"357.00",,"4,48,214.00"
30/07/2026,"UPI/132683324876/BIGBASKET/bigbasket@okhdfcbank/Payment",0005100145,30/07/2026,"1,561.00",,"4,46,653.00"
30/07/2026,"UPI/842620555484/OLA/olacabs@okaxis/Payment",0005100146,30/07/2026,"346.00",,"4,46,307.00"
31/07/2026,"UPI/472514253423/ZOMATO/zomato@icici/Payment",0005100147,31/07/2026,"765.00",,"4,45,542.00"
31/07/2026,"UPI/925907295744/BMRCL NAMMA METRO/bmrcl@okhdfcbank/Payment",0005100148,31/07/2026,"500.00",,"4,45,042.00"
01/08/2026,"NEFT CR-NORTHWIND SYSTEMS PAYROLL-SALARY AUG",0005100149,01/08/2026,,"1,42,000.00","5,87,042.00"
02/08/2026,"UPI/635038786352/OLA/olacabs@paytm/Payment",0005100150,02/08/2026,"254.00",,"5,86,788.00"
03/08/2026,"UPI/802734554788/APOLLO PHARMACY/apollo@okaxis/Payment",0005100151,03/08/2026,"973.00",,"5,85,815.00"
03/08/2026,"IMPS/P2A/765980486692/GREENVIEW APTS/RENT AUG",0005100152,03/08/2026,"30,000.00",,"5,55,815.00"
04/08/2026,"UPI/452078365851/ZOMATO/zomato@okaxis/Payment",0005100153,04/08/2026,"703.00",,"5,55,112.00"
04/08/2026,"UPI/671591176875/BMRCL NAMMA METRO/bmrcl@okhdfcbank/Payment",0005100154,04/08/2026,"500.00",,"5,54,612.00"
05/08/2026,"UPI/774338447571/FLIPKART/flipkart@icici/Payment",0005100155,05/08/2026,"862.00",,"5,53,750.00"
05/08/2026,"TRF TO FD A/C XXXXXX5522 AUTO SWEEP",0005100156,05/08/2026,"10,000.00",,"5,43,750.00"
07/08/2026,"ACH D- AIRTEL PAYMENTS BANK-756599414205",0005100157,07/08/2026,"799.00",,"5,42,951.00"
08/08/2026,"UPI/378239628400/OLA/olacabs@paytm/Payment",0005100158,08/08/2026,"406.00",,"5,42,545.00"
08/08/2026,"UPI/251074745878/UBER/uber@okaxis/Payment",0005100159,08/08/2026,"342.00",,"5,42,203.00"
08/08/2026,"POS 438857XXXXXX2210 AMAZON PAY INDIA",0005100160,08/08/2026,"1,880.00",,"5,40,323.00"
08/08/2026,"UPI/967082382798/BIGBASKET/bigbasket@okhdfcbank/Payment",0005100161,08/08/2026,"1,252.00",,"5,39,071.00"
08/08/2026,"UPI/804307447066/SWIGGY/swiggy@ybl/Payment",0005100162,08/08/2026,"672.00",,"5,38,399.00"
09/08/2026,"UPI/161280580422/BMRCL NAMMA METRO/bmrcl@ybl/Payment",0005100163,09/08/2026,"500.00",,"5,37,899.00"
09/08/2026,"POS 438857XXXXXX2210 NETFLIX.COM MUMBAI",0005100164,09/08/2026,"499.00",,"5,37,400.00"
09/08/2026,"POS 438857XXXXXX2210 CROMA ELECTRONICS INDIRANAGAR",0005100165,09/08/2026,"58,900.00",,"4,78,500.00"
09/08/2026,"UPI/519671696284/OLA/olacabs@okaxis/Payment",0005100166,09/08/2026,"344.00",,"4,78,156.00"
10/08/2026,"UPI/731683458660/ZOMATO/zomato@okhdfcbank/Payment",0005100167,10/08/2026,"845.00",,"4,77,311.00"
11/08/2026,"POS 438857XXXXXX2210 SPOTIFY INDIA",0005100168,11/08/2026,"119.00",,"4,77,192.00"
11/08/2026,"UPI/199098449962/UBER/uber@icici/Payment",0005100169,11/08/2026,"366.00",,"4,76,826.00"
12/08/2026,"BIL/ONL/800520794046/BESCOM/ELEC AUG",0005100170,12/08/2026,"2,573.00",,"4,74,253.00"
12/08/2026,"UPI/694857466324/ZOMATO/zomato@icici/Payment",0005100171,12/08/2026,"678.00",,"4,73,575.00"
15/08/2026,"POS 438857XXXXXX2210 AMAZON PAY INDIA",0005100172,15/08/2026,"1,656.00",,"4,71,919.00"
15/08/2026,"ACH D- ACT FIBERNET-867178582194",0005100173,15/08/2026,"1,059.00",,"4,70,860.00"
16/08/2026,"UPI/144821277930/BIGBASKET/bigbasket@ybl/Payment",0005100174,16/08/2026,"1,215.00",,"4,69,645.00"
20/08/2026,"UPI/325012221998/UBER/uber@okhdfcbank/Payment",0005100175,20/08/2026,"211.00",,"4,69,434.00"
21/08/2026,"POS 438857XXXXXX2210 BLUE TOKAI COFFEE BENGALURU",0005100176,21/08/2026,"286.00",,"4,69,148.00"
21/08/2026,"UPI/793707776072/BMRCL NAMMA METRO/bmrcl@ybl/Payment",0005100177,21/08/2026,"500.00",,"4,68,648.00"
22/08/2026,"UPI/842126627487/SWIGGY/swiggy@ybl/Payment",0005100178,22/08/2026,"374.00",,"4,68,274.00"
24/08/2026,"ATW-438857XXXXXX2210-S1ANBL07-BENGALURU",0005100179,24/08/2026,"3,000.00",,"4,65,274.00"
25/08/2026,"UPI/459941635649/OLA/olacabs@okaxis/Payment",0005100180,25/08/2026,"352.00",,"4,64,922.00"
25/08/2026,"UPI/368522858661/ZOMATO/zomato@icici/Payment",0005100181,25/08/2026,"802.00",,"4,64,120.00"
28/08/2026,"UPI/525629379058/SPLIT REFUND/friend@okaxis/Dinner",0005100182,28/08/2026,,"1,308.00","4,65,428.00"
28/08/2026,"UPI/265313503513/BIGBASKET/bigbasket@okhdfcbank/Payment",0005100183,28/08/2026,"1,122.00",,"4,64,306.00"
30/08/2026,"UPI/275906856783/SWIGGY/swiggy@okaxis/Payment",0005100184,30/08/2026,"543.00",,"4,63,763.00"
31/08/2026,"UPI/803116988182/BOOKMYSHOW/bookmyshow@okaxis/Payment",0005100185,31/08/2026,"523.00",,"4,63,240.00"
01/09/2026,"NEFT CR-NORTHWIND SYSTEMS PAYROLL-SALARY SEP",0005100186,01/09/2026,,"1,42,000.00","6,05,240.00"
01/09/2026,"UPI/736288782840/SWIGGY/swiggy@paytm/Payment",0005100187,01/09/2026,"629.00",,"6,04,611.00"
02/09/2026,"UPI/972000247509/SWIGGY/swiggy@okaxis/Payment",0005100188,02/09/2026,"616.00",,"6,03,995.00"
03/09/2026,"UPI/907151983988/ZOMATO/zomato@paytm/Payment",0005100189,03/09/2026,"485.00",,"6,03,510.00"
03/09/2026,"IMPS/P2A/656002954089/GREENVIEW APTS/RENT SEP",0005100190,03/09/2026,"30,000.00",,"5,73,510.00"
03/09/2026,"UPI/661001960798/OLA/olacabs@icici/Payment",0005100191,03/09/2026,"351.00",,"5,73,159.00"
04/09/2026,"UPI/140280361046/BOOKMYSHOW/bookmyshow@icici/Payment",0005100192,04/09/2026,"478.00",,"5,72,681.00"
05/09/2026,"TRF TO FD A/C XXXXXX5522 AUTO SWEEP",0005100193,05/09/2026,"10,000.00",,"5,62,681.00"
06/09/2026,"UPI/193345169418/OLA/olacabs@ybl/Payment",0005100194,06/09/2026,"192.00",,"5,62,489.00"
06/09/2026,"POS 438857XXXXXX2210 BLUE TOKAI COFFEE BENGALURU",0005100195,06/09/2026,"365.00",,"5,62,124.00"
07/09/2026,"ACH D- AIRTEL PAYMENTS BANK-677932811939",0005100196,07/09/2026,"799.00",,"5,61,325.00"
08/09/2026,"UPI/316720761447/SWIGGY/swiggy@okhdfcbank/Payment",0005100197,08/09/2026,"294.00",,"5,61,031.00"
09/09/2026,"UPI/497572175340/BMRCL NAMMA METRO/bmrcl@okhdfcbank/Payment",0005100198,09/09/2026,"500.00",,"5,60,531.00"
09/09/2026,"POS 438857XXXXXX2210 NETFLIX.COM MUMBAI",0005100199,09/09/2026,"499.00",,"5,60,032.00"
10/09/2026,"UPI/429548896645/UBER/uber@ybl/Payment",0005100200,10/09/2026,"467.00",,"5,59,565.00"
10/09/2026,"UPI/241379302323/SPLIT REFUND/friend@okaxis/Dinner",0005100201,10/09/2026,,"966.00","5,60,531.00"
11/09/2026,"POS 438857XXXXXX2210 SPOTIFY INDIA",0005100202,11/09/2026,"119.00",,"5,60,412.00"
12/09/2026,"UPI/482910038211/COASTLINE RESORTS/coastline@icici/Booking",0005100203,12/09/2026,"24,600.00",,"5,35,812.00"
12/09/2026,"BIL/ONL/824561570335/BESCOM/ELEC SEP",0005100204,12/09/2026,"2,519.00",,"5,33,293.00"
12/09/2026,"UPI/337932599751/SWIGGY/swiggy@okhdfcbank/Payment",0005100205,12/09/2026,"598.00",,"5,32,695.00"
15/09/2026,"ACH D- ACT FIBERNET-520703364673",0005100206,15/09/2026,"1,059.00",,"5,31,636.00"
15/09/2026,"UPI/631050326317/ZOMATO/zomato@okhdfcbank/Payment",0005100207,15/09/2026,"565.00",,"5,31,071.00"
16/09/2026,"UPI/936945733894/UBER/uber@icici/Payment",0005100208,16/09/2026,"569.00",,"5,30,502.00"
17/09/2026,"UPI/713422391434/BMRCL NAMMA METRO/bmrcl@icici/Payment",0005100209,17/09/2026,"500.00",,"5,30,002.00"
17/09/2026,"UPI/956035323522/APOLLO PHARMACY/apollo@okaxis/Payment",0005100210,17/09/2026,"345.00",,"5,29,657.00"
19/09/2026,"UPI/616967496491/UBER/uber@ybl/Payment",0005100211,19/09/2026,"405.00",,"5,29,252.00"
20/09/2026,"POS 438857XXXXXX2210 AMAZON PAY INDIA",0005100212,20/09/2026,"1,115.00",,"5,28,137.00"
23/09/2026,"UPI/436692845246/BIGBASKET/bigbasket@ybl/Payment",0005100213,23/09/2026,"1,804.00",,"5,26,333.00"
23/09/2026,"UPI/241380842980/BIGBASKET/bigbasket@ybl/Payment",0005100214,23/09/2026,"1,312.00",,"5,25,021.00"
23/09/2026,"UPI/313180515032/ZOMATO/zomato@icici/Payment",0005100215,23/09/2026,"477.00",,"5,24,544.00"
24/09/2026,"UPI/452153791567/ZOMATO/zomato@icici/Payment",0005100216,24/09/2026,"533.00",,"5,24,011.00"
25/09/2026,"UPI/720105536772/UBER/uber@okaxis/Payment",0005100217,25/09/2026,"274.00",,"5,23,737.00"
25/09/2026,"UPI/366494630540/OLA/olacabs@okhdfcbank/Payment",0005100218,25/09/2026,"350.00",,"5,23,387.00"
27/09/2026,"UPI/735127630081/BIGBASKET/bigbasket@icici/Payment",0005100219,27/09/2026,"1,078.00",,"5,22,309.00"
27/09/2026,"UPI/202179921118/UBER/uber@okhdfcbank/Payment",0005100220,27/09/2026,"197.00",,"5,22,112.00"
28/09/2026,"POS 438857XXXXXX2210 AMAZON PAY INDIA",0005100221,28/09/2026,"1,051.00",,"5,21,061.00"
28/09/2026,"ATW-438857XXXXXX2210-S1ANBL07-BENGALURU",0005100222,28/09/2026,"2,000.00",,"5,19,061.00"
