Date,Description,Amount,Balance
2026-01-01,"UPI/504970680876/SWIGGY/swiggy@paytm/Payment",-420.00,184580.00
2026-01-01,"NEFT CR-BLUEWAVE LABS PAYROLL-SALARY JAN",98000.00,282580.00
2026-01-02,"POS 438857XXXXXX2210 BLUE TOKAI COFFEE BENGALURU",-404.00,282176.00
2026-01-03,"IMPS/P2A/330540179097/LAKESIDE HOMES/RENT JAN",-22000.00,260176.00
2026-01-03,"UPI/944601630120/APOLLO PHARMACY/apollo@icici/Payment",-1112.00,259064.00
2026-01-03,"UPI/232451514930/UBER/uber@okhdfcbank/Payment",-460.00,258604.00
2026-01-05,"UPI/653844779433/BOOKMYSHOW/bookmyshow@okaxis/Payment",-1268.00,257336.00
2026-01-05,"TRF TO FD A/C XXXXXX5522 AUTO SWEEP",-10000.00,247336.00
2026-01-05,"UPI/576979691080/SWIGGY/swiggy@paytm/Payment",-288.00,247048.00
2026-01-06,"UPI/547995604968/SWIGGY/swiggy@okaxis/Payment",-315.00,246733.00
2026-01-07,"ACH D- AIRTEL PAYMENTS BANK-967236706269",-799.00,245934.00
2026-01-09,"POS 438857XXXXXX2210 NETFLIX.COM MUMBAI",-499.00,245435.00
2026-01-10,"UPI/999628291981/UBER/uber@icici/Payment",-184.00,245251.00
2026-01-11,"UPI/604243994464/ZOMATO/zomato@okhdfcbank/Payment",-847.00,244404.00
2026-01-11,"POS 438857XXXXXX2210 SPOTIFY INDIA",-119.00,244285.00
2026-01-12,"BIL/ONL/465536177617/BESCOM/ELEC JAN",-2020.00,242265.00
2026-01-12,"UPI/258883961209/BIGBASKET/bigbasket@paytm/Payment",-1415.00,240850.00
2026-01-14,"UPI/645886863584/ZOMATO/zomato@okaxis/Payment",-707.00,240143.00
2026-01-15,"ACH D- ACT FIBERNET-804183971489",-1059.00,239084.00
2026-01-16,"UPI/218963962917/UBER/uber@ybl/Payment",-429.00,238655.00
2026-01-16,"UPI/468647711187/FLIPKART/flipkart@paytm/Payment",-1399.00,237256.00
2026-01-17,"UPI/147528259101/ZOMATO/zomato@paytm/Payment",-442.00,236814.00
2026-01-21,"ATW-438857XXXXXX2210-S1ANBL07-BENGALURU",-4000.00,232814.00
2026-01-21,"UPI/621738852748/BIGBASKET/bigbasket@icici/Payment",-982.00,231832.00
2026-01-23,"POS 438857XXXXXX2210 AMAZON PAY INDIA",-1399.00,230433.00
2026-01-23,"UPI/585796373172/UBER/uber@ybl/Payment",-418.00,230015.00
2026-01-23,"POS 438857XXXXXX2210 BLUE TOKAI COFFEE BENGALURU",-314.00,229701.00
2026-01-24,"POS 438857XXXXXX2210 AMAZON PAY INDIA",-1467.00,228234.00
2026-01-26,"UPI/742125998500/BIGBASKET/bigbasket@ybl/Payment",-1663.00,226571.00
2026-01-26,"UPI/877516388050/UBER/uber@okaxis/Payment",-563.00,226008.00
2026-01-27,"UPI/309636797004/UBER/uber@icici/Payment",-484.00,225524.00
2026-01-28,"UPI/784195482365/BIGBASKET/bigbasket@icici/Payment",-1491.00,224033.00
2026-01-30,"UPI/254238427125/UBER/uber@paytm/Payment",-378.00,223655.00
2026-01-30,"UPI/480081896896/BIGBASKET/bigbasket@ybl/Payment",-1086.00,222569.00
2026-02-01,"NEFT CR-BLUEWAVE LABS PAYROLL-SALARY FEB",98000.00,320569.00
2026-02-02,"UPI/274701239145/UBER/uber@paytm/Payment",-321.00,320248.00
2026-02-02,"UPI/150920760202/ZOMATO/zomato@paytm/Payment",-532.00,319716.00
2026-02-02,"POS 438857XXXXXX2210 BLUE TOKAI COFFEE BENGALURU",-301.00,319415.00
2026-02-03,"UPI/699962539239/OLA/olacabs@paytm/Payment",-396.00,319019.00
2026-02-03,"IMPS/P2A/513831918808/LAKESIDE HOMES/RENT FEB",-22000.00,297019.00
2026-02-04,"ATW-438857XXXXXX2210-S1ANBL07-BENGALURU",-4000.00,293019.00
2026-02-04,"UPI/881485215344/APOLLO PHARMACY/apollo@okaxis/Payment",-282.00,292737.00
2026-02-04,"UPI/323822629766/SWIGGY/swiggy@ybl/Payment",-285.00,292452.00
2026-02-05,"TRF TO FD A/C XXXXXX5522 AUTO SWEEP",-10000.00,282452.00
2026-02-06,"UPI/594918213396/BOOKMYSHOW/bookmyshow@ybl/Payment",-475.00,281977.00
2026-02-07,"ACH D- AIRTEL PAYMENTS BANK-608623498601",-799.00,281178.00
2026-02-07,"UPI/162378509510/ZOMATO/zomato@okaxis/Payment",-657.00,280521.00
2026-02-07,"UPI/497528748387/UBER/uber@okhdfcbank/Payment",-186.00,280335.00
2026-02-08,"UPI/558234895623/SWIGGY/swiggy@okhdfcbank/Payment",-538.00,279797.00
2026-02-08,"UPI/534803991863/BMRCL NAMMA METRO/bmrcl@okaxis/Payment",-500.00,279297.00
2026-02-09,"UPI/608988932121/BMRCL NAMMA METRO/bmrcl@okaxis/Payment",-500.00,278797.00
2026-02-09,"UPI/159595731547/MYNTRA/myntra@okaxis/Payment",-3016.00,275781.00
2026-02-09,"POS 438857XXXXXX2210 NETFLIX.COM MUMBAI",-499.00,275282.00
2026-02-10,"POS 438857XXXXXX2210 BLUE TOKAI COFFEE BENGALURU",-249.00,275033.00
2026-02-11,"POS 438857XXXXXX2210 SPOTIFY INDIA",-119.00,274914.00
2026-02-12,"POS 438857XXXXXX2210 AMAZON PAY INDIA",-1884.00,273030.00
2026-02-12,"BIL/ONL/880785727587/BESCOM/ELEC FEB",-1415.00,271615.00
2026-02-15,"ACH D- ACT FIBERNET-424137919401",-1059.00,270556.00
2026-02-15,"POS 438857XXXXXX2210 BLUE TOKAI COFFEE BENGALURU",-277.00,270279.00
2026-02-15,"UPI/489708844428/OLA/olacabs@ybl/Payment",-226.00,270053.00
2026-02-16,"POS 438857XXXXXX2210 AMAZON PAY INDIA",-2841.00,267212.00
2026-02-17,"UPI/902677751277/OLA/olacabs@okhdfcbank/Payment",-179.00,267033.00
2026-02-18,"UPI/261904485976/SWIGGY/swiggy@icici/Payment",-285.00,266748.00
2026-02-18,"UPI/371194959772/OLA/olacabs@paytm/Payment",-232.00,266516.00
2026-02-20,"UPI/777953422530/SWIGGY/swiggy@paytm/Payment",-251.00,266265.00
2026-02-20,"UPI/226500381045/BIGBASKET/bigbasket@ybl/Payment",-1100.00,265165.00
2026-02-20,"POS 438857XXXXXX2210 BLUE TOKAI COFFEE BENGALURU",-395.00,264770.00
2026-02-21,"UPI/771820119304/UBER/uber@ybl/Payment AIRPORT",-3950.00,260820.00
2026-02-24,"UPI/481895235201/SWIGGY/swiggy@paytm/Payment",-648.00,260172.00
2026-02-25,"UPI/559215929480/OLA/olacabs@paytm/Payment",-192.00,259980.00
2026-02-28,"UPI/312757414395/SWIGGY/swiggy@okhdfcbank/Payment",-407.00,259573.00
2026-03-01,"UPI/884997454675/ZOMATO/zomato@ybl/Payment",-492.00,259081.00
2026-03-01,"UPI/682425934390/SWIGGY/swiggy@ybl/Payment",-375.00,258706.00
2026-03-01,"NEFT CR-BLUEWAVE LABS PAYROLL-SALARY MAR",98000.00,356706.00
2026-03-03,"IMPS/P2A/574738699904/LAKESIDE HOMES/RENT MAR",-22000.00,334706.00
2026-03-03,"UPI/926568586372/SWIGGY/swiggy@okhdfcbank/Payment",-444.00,334262.00
2026-03-04,"UPI/844895630272/SWIGGY/swiggy@icici/Payment",-439.00,333823.00
2026-03-05,"UPI/604802445046/UBER/uber@ybl/Payment",-514.00,333309.00
2026-03-05,"TRF TO FD A/C XXXXXX5522 AUTO SWEEP",-10000.00,323309.00
2026-03-06,"UPI/747114861620/SWIGGY/swiggy@icici/Payment",-260.00,323049.00
2026-03-06,"UPI/615668565195/UBER/uber@icici/Payment",-354.00,322695.00
2026-03-07,"ACH D- AIRTEL PAYMENTS BANK-975095604803",-799.00,321896.00
2026-03-07,"UPI/679734986834/UBER/uber@paytm/Payment",-218.00,321678.00
2026-03-09,"ATW-438857XXXXXX2210-S1ANBL07-BENGALURU",-4000.00,317678.00
2026-03-09,"POS 438857XXXXXX2210 NETFLIX.COM MUMBAI",-499.00,317179.00
2026-03-11,"UPI/157490131741/SWIGGY/swiggy@paytm/Payment",-708.00,316471.00
2026-03-11,"POS 438857XXXXXX2210 SPOTIFY INDIA",-119.00,316352.00
2026-03-11,"UPI/142158947119/BIGBASKET/bigbasket@paytm/Payment",-1248.00,315104.00
2026-03-12,"BIL/ONL/339160280357/BESCOM/ELEC MAR",-2313.00,312791.00
2026-03-12,"UPI/766646784902/ZOMATO/zomato@ybl/Payment",-701.00,312090.00
2026-03-14,"UPI/354655158286/OLA/olacabs@okhdfcbank/Payment",-148.00,311942.00
2026-03-14,"POS 438857XXXXXX2210 ASTER HOSPITALS WHITEFIELD",-16400.00,295542.00
2026-03-15,"ACH D- ACT FIBERNET-214566688791",-1059.00,294483.00
2026-03-17,"UPI/368291650199/BMRCL NAMMA METRO/bmrcl@okhdfcbank/Payment",-500.00,293983.00
2026-03-17,"UPI/634026230482/UBER/uber@icici/Payment",-520.00,293463.00
2026-03-17,"POS 438857XXXXXX2210 BLUE TOKAI COFFEE BENGALURU",-496.00,292967.00
2026-03-17,"UPI/114353893436/BIGBASKET/bigbasket@okaxis/Payment",-1794.00,291173.00
2026-03-18,"UPI/691373446914/BMRCL NAMMA METRO/bmrcl@icici/Payment",-500.00,290673.00
2026-03-20,"UPI/924294218281/UBER/uber@ybl/Payment",-215.00,290458.00
2026-03-21,"POS 438857XXXXXX2210 BLUE TOKAI COFFEE BENGALURU",-482.00,289976.00
2026-03-21,"UPI/595413588138/BOOKMYSHOW/bookmyshow@okhdfcbank/Payment",-727.00,289249.00
2026-03-22,"UPI/411442436634/MYNTRA/myntra@icici/Payment",-3378.00,285871.00
2026-03-22,"UPI/238830575529/OLA/olacabs@okhdfcbank/Payment",-348.00,285523.00
2026-03-25,"UPI/349926112286/SWIGGY/swiggy@okhdfcbank/Payment",-390.00,285133.00
2026-03-26,"UPI/377767861322/UBER/uber@okaxis/Payment",-355.00,284778.00
2026-03-26,"POS 438857XXXXXX2210 AMAZON PAY INDIA",-3060.00,281718.00
2026-03-27,"UPI/946947909873/ZOMATO/zomato@paytm/Payment",-481.00,281237.00
2026-03-27,"UPI/336794112252/APOLLO PHARMACY/apollo@paytm/Payment",-304.00,280933.00
2026-03-28,"UPI/975087472303/SPLIT REFUND/friend@okaxis/Dinner",1569.00,282502.00
2026-03-29,"UPI/543083708765/SWIGGY/swiggy@okhdfcbank/Payment",-444.00,282058.00
