Transaction Date,Particulars,Type,Debit,Credit,Balance
01 Jul 2026,"UPI/937295196172/ZOMATO/zomato@ybl/Payment",DR,379.00,,184621.00
01 Jul 2026,"UPI/205300906934/SWIGGY/swiggy@paytm/Payment",DR,512.00,,184109.00
01 Jul 2026,"UPI/916905728101/BMRCL NAMMA METRO/bmrcl@ybl/Payment",DR,500.00,,183609.00
01 Jul 2026,"NEFT CR-ORBITAL DATA PAYROLL-SALARY JUL",CR,,165000.00,348609.00
02 Jul 2026,"UPI/673294185203/ZOMATO/zomato@okhdfcbank/Payment",DR,654.00,,347955.00
02 Jul 2026,"UPI/397122657003/BOOKMYSHOW/bookmyshow@okaxis/Payment",DR,639.00,,347316.00
02 Jul 2026,"UPI/731160973358/MYNTRA/myntra@paytm/Payment",DR,1616.00,,345700.00
03 Jul 2026,"IMPS/P2A/119002750849/PALM GROVE RESIDENCY/RENT JUL",DR,38000.00,,307700.00
04 Jul 2026,"UPI/539731304263/UBER/uber@ybl/Payment",DR,370.00,,307330.00
05 Jul 2026,"UPI/626447499437/SWIGGY/swiggy@okhdfcbank/Payment",DR,230.00,,307100.00
05 Jul 2026,"TRF TO FD A/C XXXXXX5522 AUTO SWEEP",DR,10000.00,,297100.00
07 Jul 2026,"POS 438857XXXXXX2210 BLUE TOKAI COFFEE BENGALURU",DR,472.00,,296628.00
07 Jul 2026,"ACH D- AIRTEL PAYMENTS BANK-605244308232",DR,799.00,,295829.00
07 Jul 2026,"UPI/790305987859/ZOMATO/zomato@okaxis/Payment",DR,653.00,,295176.00
09 Jul 2026,"POS 438857XXXXXX2210 NETFLIX.COM MUMBAI",DR,499.00,,294677.00
10 Jul 2026,"UPI/104986411229/MYNTRA/myntra@okhdfcbank/Payment",DR,1759.00,,292918.00
11 Jul 2026,"POS 438857XXXXXX2210 SPOTIFY INDIA",DR,119.00,,292799.00
11 Jul 2026,"POS 438857XXXXXX2210 AMAZON PAY INDIA",DR,3124.00,,289675.00
12 Jul 2026,"BIL/ONL/105591414927/BESCOM/ELEC JUL",DR,2401.00,,287274.00
12 Jul 2026,"UPI/660405889947/SWIGGY/swiggy@paytm/Payment",DR,313.00,,286961.00
13 Jul 2026,"UPI/498521485948/ZOMATO/zomato@okaxis/Payment",DR,278.00,,286683.00
13 Jul 2026,"UPI/627856807454/UBER/uber@paytm/Payment",DR,374.00,,286309.00
14 Jul 2026,"UPI/283577773216/ZOMATO/zomato@okaxis/Payment",DR,608.00,,285701.00
14 Jul 2026,"ATW-438857XXXXXX2210-S1ANBL07-BENGALURU",DR,2000.00,,283701.00
15 Jul 2026,"UPI/290992415783/APOLLO PHARMACY/apollo@okhdfcbank/Payment",DR,598.00,,283103.00
15 Jul 2026,"ACH D- ACT FIBERNET-507296517338",DR,1059.00,,282044.00
19 Jul 2026,"UPI/701460601804/UBER/uber@okaxis/Payment",DR,534.00,,281510.00
21 Jul 2026,"UPI/852125635927/ZOMATO/zomato@okhdfcbank/Payment",DR,365.00,,281145.00
24 Jul 2026,"UPI/494409931159/ZOMATO/zomato@icici/Payment",DR,605.00,,280540.00
24 Jul 2026,"UPI/170953586842/UBER/uber@paytm/Payment",DR,182.00,,280358.00
27 Jul 2026,"UPI/938728672522/SPLIT REFUND/friend@okaxis/Dinner",CR,,1142.00,281500.00
28 Jul 2026,"UPI/673903169012/BIGBASKET/bigbasket@ybl/Payment",DR,1050.00,,280450.00
30 Jul 2026,"UPI/330095894751/ZOMATO/zomato@okaxis/Payment",DR,641.00,,279809.00
30 Jul 2026,"UPI/705350249932/UBER/uber@ybl/Payment",DR,249.00,,279560.00
30 Jul 2026,"UPI/662450149733/BMRCL NAMMA METRO/bmrcl@okhdfcbank/Payment",DR,500.00,,279060.00
30 Jul 2026,"UPI/726896715973/OLA/olacabs@ybl/Payment",DR,423.00,,278637.00
31 Jul 2026,"UPI/804744677839/UBER/uber@paytm/Payment",DR,416.00,,278221.00
31 Jul 2026,"UPI/125226483742/BMRCL NAMMA METRO/bmrcl@okaxis/Payment",DR,500.00,,277721.00
01 Aug 2026,"UPI/936422352272/SWIGGY/swiggy@okhdfcbank/Payment",DR,381.00,,277340.00
01 Aug 2026,"UPI/553527190191/UBER/uber@okaxis/Payment",DR,545.00,,276795.00
01 Aug 2026,"NEFT CR-ORBITAL DATA PAYROLL-SALARY AUG",CR,,165000.00,441795.00
02 Aug 2026,"UPI/238348372534/ZOMATO/zomato@paytm/Payment",DR,624.00,,441171.00
02 Aug 2026,"UPI/128310461113/MYNTRA/myntra@icici/Payment",DR,2266.00,,438905.00
03 Aug 2026,"UPI/413048724839/BMRCL NAMMA METRO/bmrcl@okhdfcbank/Payment",DR,500.00,,438405.00
03 Aug 2026,"UPI/272973423254/APOLLO PHARMACY/apollo@ybl/Payment",DR,1303.00,,437102.00
03 Aug 2026,"IMPS/P2A/931122394065/PALM GROVE RESIDENCY/RENT AUG",DR,38000.00,,399102.00
04 Aug 2026,"UPI/198951773773/OLA/olacabs@paytm/Payment",DR,212.00,,398890.00
04 Aug 2026,"UPI/335689780780/ZOMATO/zomato@okaxis/Payment",DR,321.00,,398569.00
05 Aug 2026,"TRF TO FD A/C XXXXXX5522 AUTO SWEEP",DR,10000.00,,388569.00
07 Aug 2026,"UPI/512000498614/UBER/uber@paytm/Payment",DR,347.00,,388222.00
07 Aug 2026,"ACH D- AIRTEL PAYMENTS BANK-510383887986",DR,799.00,,387423.00
07 Aug 2026,"UPI/308922457171/SWIGGY/swiggy@okhdfcbank/Payment",DR,348.00,,387075.00
09 Aug 2026,"UPI/295001559192/BIGBASKET/bigbasket@okhdfcbank/Payment",DR,1270.00,,385805.00
09 Aug 2026,"POS 438857XXXXXX2210 NETFLIX.COM MUMBAI",DR,499.00,,385306.00
11 Aug 2026,"UPI/604471528400/OLA/olacabs@okhdfcbank/Payment",DR,268.00,,385038.00
11 Aug 2026,"POS 438857XXXXXX2210 SPOTIFY INDIA",DR,119.00,,384919.00
12 Aug 2026,"BIL/ONL/226437662508/BESCOM/ELEC AUG",DR,1899.00,,383020.00
13 Aug 2026,"POS 438857XXXXXX2210 BLUE TOKAI COFFEE BENGALURU",DR,472.00,,382548.00
14 Aug 2026,"UPI/777444851655/UBER/uber@okhdfcbank/Payment",DR,303.00,,382245.00
14 Aug 2026,"UPI/213797634614/BIGBASKET/bigbasket@icici/Payment",DR,1660.00,,380585.00
15 Aug 2026,"ACH D- ACT FIBERNET-331903148127",DR,1059.00,,379526.00
15 Aug 2026,"UPI/548403874767/UBER/uber@paytm/Payment",DR,467.00,,379059.00
15 Aug 2026,"UPI/266057826062/ZOMATO/zomato@icici/Payment",DR,811.00,,378248.00
16 Aug 2026,"UPI/400002680908/SWIGGY/swiggy@ybl/Payment",DR,511.00,,377737.00
16 Aug 2026,"POS 438857XXXXXX2210 AMAZON PAY INDIA",DR,3095.00,,374642.00
21 Aug 2026,"UPI/338645472107/SWIGGY/swiggy@paytm/Payment",DR,598.00,,374044.00
22 Aug 2026,"UPI/417868729396/FLIPKART/flipkart@paytm/Payment",DR,960.00,,373084.00
22 Aug 2026,"UPI/360587914356/BOOKMYSHOW/bookmyshow@ybl/Payment",DR,887.00,,372197.00
22 Aug 2026,"UPI/802799685110/SWIGGY/swiggy@okaxis/Payment",DR,578.00,,371619.00
22 Aug 2026,"UPI/771068480105/ZOMATO/zomato@icici/Payment",DR,796.00,,370823.00
22 Aug 2026,"UPI/357322979039/BIGBASKET/bigbasket@ybl/Payment",DR,1439.00,,369384.00
22 Aug 2026,"UPI/824130702881/OLA/olacabs@ybl/Payment",DR,427.00,,368957.00
22 Aug 2026,"UPI/732159749031/BIGBASKET/bigbasket@paytm/Payment",DR,1289.00,,367668.00
23 Aug 2026,"UPI/840271495708/OLA/olacabs@okhdfcbank/Payment",DR,182.00,,367486.00
24 Aug 2026,"UPI/674570733128/SPLIT REFUND/friend@okaxis/Dinner",CR,,953.00,368439.00
25 Aug 2026,"ATW-438857XXXXXX2210-S1ANBL07-BENGALURU",DR,2000.00,,366439.00
27 Aug 2026,"UPI/694662786894/OLA/olacabs@icici/Payment",DR,259.00,,366180.00
27 Aug 2026,"UPI/903318274455/IKEA/ikea@icici/Furniture",DR,34750.00,,331430.00
31 Aug 2026,"POS 438857XXXXXX2210 AMAZON PAY INDIA",DR,2689.00,,328741.00
01 Sep 2026,"NEFT CR-ORBITAL DATA PAYROLL-SALARY SEP",CR,,165000.00,493741.00
01 Sep 2026,"UPI/504695554001/UBER/uber@ybl/Payment",DR,438.00,,493303.00
03 Sep 2026,"UPI/440676906847/SWIGGY/swiggy@okaxis/Payment",DR,494.00,,492809.00
03 Sep 2026,"UPI/179031443715/SWIGGY/swiggy@icici/Payment",DR,663.00,,492146.00
03 Sep 2026,"IMPS/P2A/974716116592/PALM GROVE RESIDENCY/RENT SEP",DR,38000.00,,454146.00
05 Sep 2026,"TRF TO FD A/C XXXXXX5522 AUTO SWEEP",DR,10000.00,,444146.00
05 Sep 2026,"UPI/357360372017/BMRCL NAMMA METRO/bmrcl@paytm/Payment",DR,500.00,,443646.00
06 Sep 2026,"ATW-438857XXXXXX2210-S1ANBL07-BENGALURU",DR,3000.00,,440646.00
06 Sep 2026,"UPI/851612246429/UBER/uber@okaxis/Payment",DR,275.00,,440371.00
07 Sep 2026,"ACH D- AIRTEL PAYMENTS BANK-789002637557",DR,799.00,,439572.00
08 Sep 2026,"UPI/293097521695/OLA/olacabs@paytm/Payment",DR,446.00,,439126.00
08 Sep 2026,"UPI/737804559783/OLA/olacabs@paytm/Payment",DR,234.00,,438892.00
09 Sep 2026,"POS 438857XXXXXX2210 NETFLIX.COM MUMBAI",DR,499.00,,438393.00
09 Sep 2026,"UPI/242015567437/FLIPKART/flipkart@okhdfcbank/Payment",DR,918.00,,437475.00
09 Sep 2026,"UPI/585780489562/APOLLO PHARMACY/apollo@okaxis/Payment",DR,1216.00,,436259.00
09 Sep 2026,"UPI/881864962780/SWIGGY/swiggy@paytm/Payment",DR,738.00,,435521.00
09 Sep 2026,"UPI/314245748920/OLA/olacabs@icici/Payment",DR,277.00,,435244.00
10 Sep 2026,"POS 438857XXXXXX2210 AMAZON PAY INDIA",DR,1851.00,,433393.00
11 Sep 2026,"UPI/147582475865/BMRCL NAMMA METRO/bmrcl@okaxis/Payment",DR,500.00,,432893.00
11 Sep 2026,"POS 438857XXXXXX2210 SPOTIFY INDIA",DR,119.00,,432774.00
12 Sep 2026,"BIL/ONL/121757923216/BESCOM/ELEC SEP",DR,1995.00,,430779.00
13 Sep 2026,"UPI/155811159106/SWIGGY/swiggy@okaxis/Payment",DR,718.00,,430061.00
14 Sep 2026,"POS 438857XXXXXX2210 BLUE TOKAI COFFEE BENGALURU",DR,467.00,,429594.00
14 Sep 2026,"UPI/683277293684/BOOKMYSHOW/bookmyshow@ybl/Payment",DR,875.00,,428719.00
15 Sep 2026,"UPI/297168910939/OLA/olacabs@ybl/Payment",DR,321.00,,428398.00
15 Sep 2026,"ACH D- ACT FIBERNET-218330291163",DR,1059.00,,427339.00
16 Sep 2026,"UPI/733312941834/UBER/uber@okaxis/Payment",DR,554.00,,426785.00
17 Sep 2026,"UPI/905889344750/SWIGGY/swiggy@okaxis/Payment",DR,507.00,,426278.00
18 Sep 2026,"UPI/499420464823/ZOMATO/zomato@okaxis/Payment",DR,441.00,,425837.00
18 Sep 2026,"UPI/739463136843/SWIGGY/swiggy@icici/Payment",DR,391.00,,425446.00
19 Sep 2026,"UPI/335353253616/SWIGGY/swiggy@ybl/Payment",DR,461.00,,424985.00
20 Sep 2026,"UPI/404423833024/BIGBASKET/bigbasket@ybl/Payment",DR,1337.00,,423648.00
21 Sep 2026,"UPI/627183646005/SPLIT REFUND/friend@okaxis/Dinner",CR,,844.00,424492.00
21 Sep 2026,"UPI/546755659191/ZOMATO/zomato@ybl/Payment",DR,501.00,,423991.00
24 Sep 2026,"UPI/203761700176/BIGBASKET/bigbasket@okaxis/Payment",DR,1358.00,,422633.00
24 Sep 2026,"UPI/730581430352/SWIGGY/swiggy@okhdfcbank/Payment",DR,546.00,,422087.00
