Posted On,Details,Money Out,Money In,Running Total
01-05-2026,"UPI/899981264701/BIGBASKET/bigbasket@icici/Payment",1061.00,,183939.00
01-05-2026,"NEFT CR-MAPLE STUDIO PAYROLL-SALARY MAY",,88000.00,271939.00
03-05-2026,"UPI/585821728067/SWIGGY/swiggy@okaxis/Payment",354.00,,271585.00
03-05-2026,"IMPS/P2A/807462422601/SUNRISE PG/RENT MAY",18000.00,,253585.00
04-05-2026,"UPI/158053643324/SPLIT REFUND/friend@okaxis/Dinner",,1557.00,255142.00
04-05-2026,"UPI/968000429066/BMRCL NAMMA METRO/bmrcl@okhdfcbank/Payment",500.00,,254642.00
05-05-2026,"TRF TO FD A/C XXXXXX5522 AUTO SWEEP",10000.00,,244642.00
06-05-2026,"UPI/648617391628/FLIPKART/flipkart@paytm/Payment",1908.00,,242734.00
07-05-2026,"UPI/147619384634/UBER/uber@okhdfcbank/Payment",493.00,,242241.00
07-05-2026,"UPI/553875406581/UBER/uber@icici/Payment",349.00,,241892.00
07-05-2026,"ACH D- AIRTEL PAYMENTS BANK-243253810193",799.00,,241093.00
08-05-2026,"UPI/920804710782/BOOKMYSHOW/bookmyshow@icici/Payment",1116.00,,239977.00
08-05-2026,"UPI/947600549335/SWIGGY/swiggy@icici/Payment",731.00,,239246.00
09-05-2026,"POS 438857XXXXXX2210 NETFLIX.COM MUMBAI",499.00,,238747.00
11-05-2026,"ATW-438857XXXXXX2210-S1ANBL07-BENGALURU",2000.00,,236747.00
11-05-2026,"UPI/611928949906/UBER/uber@okaxis/Payment",342.00,,236405.00
11-05-2026,"UPI/688861961121/ZOMATO/zomato@okaxis/Payment",855.00,,235550.00
11-05-2026,"POS 438857XXXXXX2210 SPOTIFY INDIA",119.00,,235431.00
11-05-2026,"UPI/920526987228/SWIGGY/swiggy@paytm/Payment",696.00,,234735.00
12-05-2026,"BIL/ONL/645644652238/BESCOM/ELEC MAY",2782.00,,231953.00
12-05-2026,"UPI/351157108312/SWIGGY/swiggy@ybl/Payment",452.00,,231501.00
15-05-2026,"ACH D- ACT FIBERNET-210408963186",1059.00,,230442.00
15-05-2026,"UPI/788256435429/UBER/uber@okhdfcbank/Payment",354.00,,230088.00
16-05-2026,"UPI/454736567212/ZOMATO/zomato@ybl/Payment",557.00,,229531.00
17-05-2026,"UPI/520016471578/BMRCL NAMMA METRO/bmrcl@okaxis/Payment",500.00,,229031.00
17-05-2026,"UPI/211724829270/OLA/olacabs@icici/Payment",388.00,,228643.00
20-05-2026,"UPI/770827546944/ZOMATO/zomato@okhdfcbank/Payment",385.00,,228258.00
21-05-2026,"UPI/350498599211/UBER/uber@icici/Payment",455.00,,227803.00
24-05-2026,"UPI/205367739774/BIGBASKET/bigbasket@okaxis/Payment",1534.00,,226269.00
25-05-2026,"UPI/807606653574/ZOMATO/zomato@icici/Payment",435.00,,225834.00
25-05-2026,"UPI/178927839792/SWIGGY/swiggy@ybl/Payment",736.00,,225098.00
25-05-2026,"UPI/103468636754/FLIPKART/flipkart@okaxis/Payment",2165.00,,222933.00
28-05-2026,"UPI/426597687375/BIGBASKET/bigbasket@icici/Payment",1187.00,,221746.00
28-05-2026,"UPI/761453359362/APOLLO PHARMACY/apollo@okhdfcbank/Payment",260.00,,221486.00
31-05-2026,"UPI/778159169742/OLA/olacabs@okhdfcbank/Payment",285.00,,221201.00
01-06-2026,"NEFT CR-MAPLE STUDIO PAYROLL-SALARY JUN",,88000.00,309201.00
02-06-2026,"UPI/954451776664/ZOMATO/zomato@okhdfcbank/Payment",299.00,,308902.00
02-06-2026,"ATW-438857XXXXXX2210-S1ANBL07-BENGALURU",3000.00,,305902.00
03-06-2026,"IMPS/P2A/983186977342/SUNRISE PG/RENT JUN",18000.00,,287902.00
05-06-2026,"UPI/609575881097/UBER/uber@paytm/Payment",211.00,,287691.00
05-06-2026,"TRF TO FD A/C XXXXXX5522 AUTO SWEEP",10000.00,,277691.00
07-06-2026,"UPI/662549717065/MYNTRA/myntra@paytm/Payment",1439.00,,276252.00
07-06-2026,"ACH D- AIRTEL PAYMENTS BANK-748482871157",799.00,,275453.00
09-06-2026,"POS 438857XXXXXX2210 NETFLIX.COM MUMBAI",499.00,,274954.00
09-06-2026,"UPI/461329243920/ZOMATO/zomato@icici/Payment",356.00,,274598.00
11-06-2026,"POS 438857XXXXXX2210 BLUE TOKAI COFFEE BENGALURU",381.00,,274217.00
11-06-2026,"UPI/459332965742/SWIGGY/swiggy@ybl/Payment",291.00,,273926.00
11-06-2026,"UPI/225406641020/FLIPKART/flipkart@icici/Payment",1451.00,,272475.00
11-06-2026,"POS 438857XXXXXX2210 SPOTIFY INDIA",119.00,,272356.00
12-06-2026,"BIL/ONL/530893595742/BESCOM/ELEC JUN",1606.00,,270750.00
12-06-2026,"UPI/157132326832/UBER/uber@paytm/Payment",341.00,,270409.00
12-06-2026,"UPI/946310105147/BMRCL NAMMA METRO/bmrcl@ybl/Payment",500.00,,269909.00
13-06-2026,"UPI/507921826676/UBER/uber@paytm/Payment",202.00,,269707.00
14-06-2026,"UPI/915565659135/BOOKMYSHOW/bookmyshow@icici/Payment",1272.00,,268435.00
14-06-2026,"UPI/837881591124/UBER/uber@okaxis/Payment",502.00,,267933.00
15-06-2026,"ACH D- ACT FIBERNET-526083960271",1059.00,,266874.00
16-06-2026,"UPI/164715998001/OLA/olacabs@okhdfcbank/Payment",284.00,,266590.00
16-06-2026,"UPI/371506623205/BIGBASKET/bigbasket@ybl/Payment",1203.00,,265387.00
18-06-2026,"UPI/695798993859/BIGBASKET/bigbasket@icici/Payment",1243.00,,264144.00
18-06-2026,"UPI/194812408441/BIGBASKET/bigbasket@paytm/Payment",1733.00,,262411.00
18-06-2026,"UPI/786811672209/ZOMATO/zomato@okhdfcbank/Payment",237.00,,262174.00
23-06-2026,"UPI/389973137323/MYNTRA/myntra@okaxis/Payment",1759.00,,260415.00
23-06-2026,"UPI/898854458565/SWIGGY/swiggy@okaxis/Payment",636.00,,259779.00
24-06-2026,"UPI/899310723741/MYNTRA/myntra@okaxis/Payment",1392.00,,258387.00
25-06-2026,"UPI/772988472651/UBER/uber@ybl/Payment",495.00,,257892.00
25-06-2026,"UPI/861877664282/UBER/uber@icici/Payment",581.00,,257311.00
26-06-2026,"UPI/102774338433/ZOMATO/zomato@ybl/Payment",628.00,,256683.00
26-06-2026,"UPI/313713593886/ZOMATO/zomato@ybl/Payment",497.00,,256186.00
27-06-2026,"UPI/346625381474/ZOMATO/zomato@icici/Payment",592.00,,255594.00
28-06-2026,"UPI/694629927365/UBER/uber@icici/Payment",481.00,,255113.00
28-06-2026,"UPI/106505132911/BMRCL NAMMA METRO/bmrcl@icici/Payment",500.00,,254613.00
29-06-2026,"POS 438857XXXXXX2210 BLUE TOKAI COFFEE BENGALURU",364.00,,254249.00
30-06-2026,"POS 438857XXXXXX2210 BLUE TOKAI COFFEE BENGALURU",295.00,,253954.00
30-06-2026,"UPI/456535604315/APOLLO PHARMACY/apollo@paytm/Payment",623.00,,253331.00
