Date,Description,Debit,Credit,Balance
01/09/2026,"NEFT CR-NORTHWIND SYSTEMS PAYROLL-SALARY SEP",,"1,45,000.00","1,97,210.00"
02/09/2026,UPI/551029384756/SWIGGY/swiggy@ybl/Payment,412.00,,"1,96,798.00"
03/09/2026,"IMPS/P2A/662910384756/GREENVIEW APTS/RENT SEP",32000.00,,"1,64,798.00"

05/09/2026,"POS 438857XXXXXX2210 SHARMA GENERAL STORE, KORAMANGALA",865.50,,"1,63,932.50"
not a date,Opening balance carried forward,,,"1,63,932.50"
07/09/2026,UPI/882019384756/UBER/uber@ybl/Payment,286.00,,"1,63,646.50"
09/09/2026,POS 438857XXXXXX2210 NETFLIX.COM MUMBAI,649.00,,"1,62,997.50"
12/09/2026,BIL/ONL/772019384756/BESCOM/ELEC SEP,"2,340.00",,"1,60,657.50"
15/09/2026,UPI/993019384756/APOLLO PHARMACY/apollo@icici/Payment,(540.00),,"1,60,117.50"
18/09/2026,"UPI/113019384756/SPLIT REFUND/meera.s@okaxis/Dinner",,1200.00,"1,61,317.50"
20/09/2026,ATW-438857XXXXXX2210-S1ANBL07-BENGALURU,3000.00,,"1,58,317.50"
24/09/2026,"POS 438857XXXXXX2210 HORIZON WATCH CO, UB CITY",27800.00,,"1,30,517.50"
27/09/2026,UPI/224019384756/ZOMATO/zomato@paytm/Payment,538.00,,"1,29,979.50"
